Actual_NK,Predicted_NK,Error,Absolute_Error
4199.11,3976.081899210452,223.0281007895478,223.0281007895478
3949.381031542114,4082.2244814644205,-132.84344992230626,132.84344992230626
3821.4264732254046,3974.7194343054502,-153.29296108004564,153.29296108004564
2871.916801288194,3556.9344033053185,-685.0176020171243,685.0176020171243
3475.03,3730.749213591005,-255.71921359100497,255.71921359100497
4149.831548872179,3856.0044538135166,293.8270950586625,293.8270950586625
4601.38,4053.8760657258913,547.5039342741088,547.5039342741088
3858.140882597836,3980.678094531783,-122.53721193394676,122.53721193394676
4301.274364334122,4092.991839465923,208.28252486819883,208.28252486819883
4534.434258875534,4214.818058219429,319.6162006561053,319.6162006561053
3825.42,3766.564387164682,58.85561283531797,58.85561283531797
3626.727060633611,3673.522239864227,-46.79517923061576,46.79517923061576
3943.346697751255,3990.4959505666034,-47.14925281534852,47.14925281534852
4115.2498275012795,4065.5655174233134,49.684310077966074,49.684310077966074
4238.512176541717,4053.9725164431834,184.53966009853366,184.53966009853366
3136.5721289425373,3951.6011147711,-815.0289858285628,815.0289858285628
3534.46,3988.9052111073274,-454.4452111073274,454.4452111073274
3320.8,3842.5229042021156,-521.7229042021154,521.7229042021154
3675.6455343422585,3805.324903635743,-129.67936929348434,129.67936929348434
3751.503723790174,3866.110140076041,-114.606416285867,114.606416285867
3817.223127092805,4075.327963200616,-258.104836107811,258.104836107811
3829.5764745812016,3812.424301925065,17.152172656136827,17.152172656136827
3485.6697641172273,3566.3664584131507,-80.69669429592341,80.69669429592341
3862.490451770508,3962.0876014333026,-99.59714966279444,99.59714966279444
4155.469436253251,4037.42094829898,118.04848795427097,118.04848795427097
4210.3850855949895,3989.385334886697,220.9997507082926,220.9997507082926
3862.88688432474,3803.022629682232,59.86425464250806,59.86425464250806
3699.47,3851.4341585421207,-151.9641585421209,151.9641585421209
4074.9082528512495,3797.563358125257,277.3448947259926,277.3448947259926
4000.7040670709957,3871.2269717146264,129.47709535636932,129.47709535636932
4890.32,4445.542192858132,444.7778071418679,444.7778071418679
4218.613911775827,4047.717629439107,170.89628233671965,170.89628233671965
3444.784180347756,3732.915472717926,-288.1312923701703,288.1312923701703
4201.281072304575,4119.489887336756,81.79118496781939,81.79118496781939
4266.895236213221,4044.6933224379413,222.20191377528,222.20191377528
4421.9518560042825,4009.016122420042,412.93573358424055,412.93573358424055
4303.016180382616,4152.979386656349,150.0367937262672,150.0367937262672
3974.5721677401752,4064.847794749264,-90.27562700908857,90.27562700908857
4667.688550877191,4192.115909518405,475.5726413587863,475.5726413587863
3802.6992440123827,3950.609931911767,-147.91068789938436,147.91068789938436
3754.2002914943346,3980.084435327466,-225.88414383313147,225.88414383313147
3843.131548881778,4110.921901925465,-267.790353043687,267.790353043687
4256.90301146062,4176.063756957111,80.83925450350944,80.83925450350944
3410.8790453104125,3993.8762370680947,-582.9971917576822,582.9971917576822
4111.335921530637,4195.4556902947625,-84.11976876412518,84.11976876412518
3982.784877633209,3900.1819342695503,82.6029433636586,82.6029433636586
3760.023852093183,3915.683699085888,-155.65984699270484,155.65984699270484
4184.745564600343,3841.232125944983,343.51343865535955,343.51343865535955
3717.25,3994.982792477926,-277.73279247792607,277.73279247792607
3561.4237169767976,3891.525377467544,-330.1016604907463,330.1016604907463
3961.3685158965122,4021.9442157183184,-60.57569982180621,60.57569982180621
4023.4741746279974,3914.979565297608,108.49460933038927,108.49460933038927
4244.890402061856,4056.7920629450887,188.09833911676697,188.09833911676697
3932.1432324385933,3945.9066885137745,-13.763456075181239,13.763456075181239
4225.07,3909.2112003568272,315.85879964317246,315.85879964317246
3818.89,3731.171061667359,87.71893833264085,87.71893833264085
4013.013796996567,3987.549788237374,25.464008759193348,25.464008759193348
3931.9184861916137,3892.612580553979,39.30590563763462,39.30590563763462
3559.07,3687.0773738972794,-128.0073738972792,128.0073738972792
3688.6417887338303,3987.9259648898033,-299.284176155973,299.284176155973
4181.878201034437,4098.691168691978,83.18703234245822,83.18703234245822
3817.9774559008547,4198.062449693951,-380.08499379309615,380.08499379309615
4309.914272326967,3986.128456619501,323.7858157074661,323.7858157074661
3978.8159979688544,4030.5043535336113,-51.688355564756876,51.688355564756876
3723.45,3835.169999748524,-111.71999974852406,111.71999974852406
3508.168987108655,3743.5904590291007,-235.42147192044558,235.42147192044558
4099.676978822136,4075.5899461770423,24.08703264509404,24.08703264509404
4071.1326271413272,3926.412754477378,144.71987266394945,144.71987266394945
3704.4950635362466,3817.686214730942,-113.19115119469552,113.19115119469552
4127.848150947012,4186.061817729367,-58.213666782355176,58.213666782355176
4182.820540132026,3834.2885453546373,348.53199477738826,348.53199477738826
3944.1865927779763,4266.983297081588,-322.7967043036115,322.7967043036115
3932.8230870381976,3915.5841162537545,17.238970784443154,17.238970784443154
4291.10290388252,4206.318589987069,84.7843138954513,84.7843138954513
3829.292488270724,3970.526423278392,-141.23393500766815,141.23393500766815
3945.953988877513,4021.7789150462704,-75.82492616875743,75.82492616875743
4034.599910226859,4144.261273946866,-109.6613637200071,109.6613637200071
3860.950373749048,3897.2039289209574,-36.253555171909284,36.253555171909284
3609.464238197806,3935.571678878378,-326.1074406805719,326.1074406805719
4458.565357186027,3962.3981781097436,496.167179076283,496.167179076283
4130.242849254554,3945.999830470808,184.24301878374627,184.24301878374627
4261.507232850006,3962.1176893005736,299.3895435494328,299.3895435494328
3859.2186298270694,4072.71824301284,-213.4996131857706,213.4996131857706
4101.185873958069,4008.184582450908,93.00129150716157,93.00129150716157
3603.2803158554048,3998.647952416359,-395.36763656095445,395.36763656095445
4064.127519271702,4071.1220590447642,-6.994539773062115,6.994539773062115
4369.342660237563,3841.9099672333364,527.4326930042266,527.4326930042266
3689.355255916657,3741.4389748199324,-52.08371890327544,52.08371890327544
3797.8368524793077,4172.011207336514,-374.1743548572067,374.1743548572067
4246.047550295946,4226.540378221817,19.507172074128903,19.507172074128903
4060.487157926301,3949.162916990479,111.32424093582176,111.32424093582176
4126.9032881504145,4022.363805799554,104.53948235086045,104.53948235086045
3900.3856244144026,3749.305062775323,151.0805616390794,151.0805616390794
4252.356347436958,4231.334997144521,21.021350292436182,21.021350292436182
4384.516404556016,4203.915576339398,180.60082821661763,180.60082821661763
4011.2899351145043,4321.017261904746,-309.72732679024193,309.72732679024193
3588.207381473377,3811.566508545448,-223.3591270720708,223.3591270720708
4422.878395056229,3932.7253313643414,490.15306369188784,490.15306369188784
3871.65,3749.950719943759,121.69928005624115,121.69928005624115
4032.208423462988,4045.157966812539,-12.949543349551277,12.949543349551277
3596.529364327979,4079.301937318928,-482.77257299094936,482.77257299094936
4090.7368580323796,4080.509943635636,10.226914396743723,10.226914396743723
3382.3366462480853,3890.241427694454,-507.9047814463688,507.9047814463688
3623.617790207109,3948.479053072209,-324.8612628650999,324.8612628650999
4195.683415474337,4202.18515534676,-6.501739872423059,6.501739872423059
4197.825328987824,3811.2729943357867,386.5523346520372,386.5523346520372
4027.17,3810.053651864107,217.11634813589308,217.11634813589308
3795.1519782179707,4219.265586710518,-424.113608492547,424.113608492547
3856.059870482495,3978.540346846359,-122.480476363864,122.480476363864
3949.0701118998923,4084.8002995446823,-135.73018764479002,135.73018764479002
4597.402951023686,4082.597585113048,514.8053659106381,514.8053659106381
4171.320123858376,4094.2451390149176,77.07498484345842,77.07498484345842
4407.378160626182,4021.5979449348442,385.7802156913376,385.7802156913376
3233.4009096619643,3885.4385795130574,-652.0376698510931,652.0376698510931
3523.2,3738.924776576803,-215.72477657680338,215.72477657680338
4770.588079763664,3654.305657539567,1116.2824222240965,1116.2824222240965
3993.86638828238,4273.463434981896,-279.59704669951634,279.59704669951634
3747.557975525978,3884.13888085982,-136.5809053338421,136.5809053338421
3920.9668912905267,4025.5334843206424,-104.56659303011565,104.56659303011565
3742.8397119941674,4225.303661090048,-482.4639490958807,482.4639490958807
3465.448871294654,3711.683650567555,-246.23477927290105,246.23477927290105
4038.198113207548,4160.927640941264,-122.72952773371617,122.72952773371617
4169.043071823724,3836.8330075519707,332.21006427175325,332.21006427175325
3944.2382099290053,3824.5890737982845,119.64913613072076,119.64913613072076
3679.0365640233026,3795.374115652823,-116.33755162952048,116.33755162952048
4175.777881957563,3997.927977962683,177.84990399488015,177.84990399488015
4084.656559476768,4090.709733031666,-6.053173554897967,6.053173554897967
4181.11,4191.83165816506,-10.721658165060035,10.721658165060035
3730.69,3762.3692674561917,-31.67926745619161,31.67926745619161
3795.51,4162.391075221512,-366.8810752215122,366.8810752215122
3115.758054281912,3865.567392733772,-749.8093384518602,749.8093384518602
3796.0116808824114,3831.733528651435,-35.7218477690235,35.7218477690235
4317.039594643504,3842.2063807570307,474.833213886473,474.833213886473
4528.333474379574,3909.181868687489,619.151605692085,619.151605692085
4258.9684907709,4187.379365898199,71.58912487270118,71.58912487270118
3805.143729631865,3871.5503133170264,-66.40658368516142,66.40658368516142
4082.599897417758,3956.6717705186607,125.92812689909715,125.92812689909715
3640.76,3680.8266641226405,-40.066664122640304,40.066664122640304
3715.2316741884497,3773.055238108654,-57.82356392020438,57.82356392020438
3995.532456085335,3949.973420581384,45.559035503951236,45.559035503951236
3517.83,3981.0206149769147,-463.19061497691473,463.19061497691473
4183.762511307963,3958.980819455222,224.781691852741,224.781691852741
3645.407027930294,3916.5196100230487,-271.11258209275456,271.11258209275456
4105.705000602481,4217.126608356876,-111.42160775439515,111.42160775439515
3535.1263781075772,3982.1851398949684,-447.0587617873912,447.0587617873912
3949.345615257657,4082.6944648763124,-133.34884961865555,133.34884961865555
4408.720241272162,4153.326727138898,255.39351413326403,255.39351413326403
3889.1561109397176,4016.4641211658777,-127.30801022616015,127.30801022616015
4344.974972921406,4053.9982278106945,290.9767451107118,290.9767451107118
3993.57227718524,4006.450284190248,-12.87800700500793,12.87800700500793
3635.230616089613,3939.1603009570617,-303.92968486744894,303.92968486744894
4179.718681026258,4118.77311807007,60.94556295618804,60.94556295618804
4307.2095501490385,4228.416000631978,78.79354951706046,78.79354951706046
4177.459832046094,4205.411869669878,-27.952037623784236,27.952037623784236
4375.642842241738,4202.584172662159,173.05866957957915,173.05866957957915
3970.8368569636464,3906.743821336991,64.09303562665536,64.09303562665536
4220.986935001296,4152.416177673916,68.5707573273803,68.5707573273803
3825.62,3787.5223855851505,38.09761441484943,38.09761441484943
3909.84,3655.88423085088,253.95576914912,253.95576914912
4119.382398361076,3847.825246598475,271.5571517626013,271.5571517626013
4297.994508966808,4130.765144086117,167.2293648806908,167.2293648806908
4156.492722796651,4086.9299057735,69.56281702315073,69.56281702315073
4440.832164789834,4243.41979967034,197.4123651194941,197.4123651194941
3583.05,3940.2936402289274,-357.24364022892723,357.24364022892723
3715.8274310214074,3916.193284643974,-200.36585362256665,200.36585362256665
4214.78336950624,4262.518358340557,-47.73498883431694,47.73498883431694
3997.3211497495145,4347.139709831117,-349.81856008160275,349.81856008160275
3892.1154055792913,3909.9492022645195,-17.833796685228208,17.833796685228208
4555.917769102502,4102.223255580412,453.69451352208944,453.69451352208944
4255.693990158496,4112.412308286553,143.28168187194296,143.28168187194296
3910.290503319944,3904.9536540326217,5.336849287322366,5.336849287322366
3711.2332448224856,3731.7332382780733,-20.499993455587628,20.499993455587628
4556.4855795383655,4066.800850792147,489.68472874621875,489.68472874621875
3354.2422880327777,3737.1641850086853,-382.92189697590766,382.92189697590766
3759.9434987680397,3942.1621391701024,-182.21864040206265,182.21864040206265
4335.016082723906,4205.3008280691,129.7152546548059,129.7152546548059
4210.456615809777,4142.075417839692,68.38119797008494,68.38119797008494
3845.56142394822,4135.619442713839,-290.0580187656187,290.0580187656187
4132.92,4109.566415724837,23.353584275163485,23.353584275163485
4325.415518047867,4023.0451394770275,302.3703785708399,302.3703785708399
4285.09365966825,4150.554934363135,134.5387253051158,134.5387253051158
4712.932165197216,3885.157798195975,827.774367001241,827.774367001241
4088.621246504304,4029.2840230040615,59.337223500242544,59.337223500242544
4296.145420475167,4153.207715825858,142.93770464930913,142.93770464930913
3691.7057302023836,4174.8861142879605,-483.18038408557686,483.18038408557686
3994.735787978744,3923.635506499326,71.1002814794183,71.1002814794183
3164.3798833056217,3864.497048803904,-700.1171654982822,700.1171654982822
3922.0475193813977,3605.440099939226,316.6074194421717,316.6074194421717
3962.442216989291,4039.982403341594,-77.54018635230295,77.54018635230295
4368.485534230428,4097.084230079015,271.40130415141357,271.40130415141357
4346.734762892709,3707.6526250136203,639.0821378790888,639.0821378790888
3716.9522746513953,4096.544117075774,-379.5918424243787,379.5918424243787
3728.2030923983534,3814.4688152691274,-86.26572287077397,86.26572287077397
3974.76039748954,4077.9070452106807,-103.14664772114065,103.14664772114065
4430.88,4193.014503109849,237.865496890151,237.865496890151
4024.49201891892,3951.979020570464,72.51299834845622,72.51299834845622
4190.205140496902,3969.4263403447558,220.77880015214578,220.77880015214578
4218.464747584781,3968.50701804918,249.95772953560163,249.95772953560163
4285.130229776888,4394.48663579117,-109.35640601428167,109.35640601428167
3845.8036137018335,4079.0759678556838,-233.2723541538503,233.2723541538503
3931.068174908562,3818.6711772478966,112.39699766066542,112.39699766066542
4081.7941915955266,4075.6226779299495,6.171513665577095,6.171513665577095
4034.530444834123,3700.6613761360136,333.86906869810946,333.86906869810946
3819.041392542572,4005.8252610042905,-186.7838684617186,186.7838684617186
3594.291026019561,4101.479301726031,-507.18827570647,507.18827570647
3902.58,4058.2879236903186,-155.7079236903187,155.7079236903187
4453.793022984482,4173.182188789861,280.610834194621,280.610834194621
3558.6700013645536,3972.100919065932,-413.43091770137835,413.43091770137835
4016.7925527707166,3812.07350675929,204.7190460114266,204.7190460114266
3732.923550898696,3648.8577691918395,84.06578170685634,84.06578170685634
4352.458281874446,4212.693344752824,139.7649371216221,139.7649371216221
4344.741437734479,4261.679703194966,83.06173453951305,83.06173453951305
3715.8706252245006,3983.787953984301,-267.9173287598005,267.9173287598005
3854.0474904145194,3786.433285986031,67.61420442848839,67.61420442848839
4457.7054438608,4082.46436302472,375.2410808360801,375.2410808360801
4509.838545284162,4296.552424598384,213.28612068577786,213.28612068577786
4034.1701040295525,4063.3099145914853,-29.13981056193279,29.13981056193279
4276.1123896787785,4009.5559625485366,266.5564271302419,266.5564271302419
4268.40436689332,3799.1404858906944,469.26388100262557,469.26388100262557
2946.02,3638.076825468357,-692.0568254683571,692.0568254683571
3961.396834785809,3996.3305313339024,-34.933696548093394,34.933696548093394
4098.320049428483,3736.429036087305,361.89101334117777,361.89101334117777
4360.925853825771,4066.370415050659,294.5554387751117,294.5554387751117
3940.6380054692736,3865.7227976899703,74.91520777930327,74.91520777930327
4151.337952860623,4023.806340831578,127.53161202904494,127.53161202904494
4078.772144099989,4063.207940130887,15.564203969101982,15.564203969101982
3507.536358032457,3739.4439451724584,-231.9075871400014,231.9075871400014
4144.904999382589,4193.046822079445,-48.14182269685534,48.14182269685534
3710.0750824329866,4042.3684579574347,-332.29337552444804,332.29337552444804
3118.61,3594.838454497231,-476.2284544972308,476.2284544972308
3580.37,3657.7548199428916,-77.38481994289168,77.38481994289168
3864.647532653351,3849.6031360574675,15.044396595883427,15.044396595883427
4079.827271331563,3721.114081328545,358.7131900030181,358.7131900030181
3848.66,3936.6849300471586,-88.0249300471587,88.0249300471587
4055.631327889739,3911.034941408388,144.59638648135115,144.59638648135115
4081.654980363342,4240.526990802167,-158.87201043882533,158.87201043882533
4854.89,4418.9332745003585,435.95672549964183,435.95672549964183
4032.3579149191137,4084.4497372214955,-52.09182230238184,52.09182230238184
4083.0953581645485,3921.4266836760585,161.66867448849007,161.66867448849007
3717.5188594646806,3734.1668594270054,-16.647999962324775,16.647999962324775
3932.576457292708,4114.633946162109,-182.05748886940137,182.05748886940137
4248.125086097525,4090.779040866205,157.3460452313202,157.3460452313202
3772.3463578329597,4001.993169753826,-229.64681192086618,229.64681192086618
4237.134180468065,4046.9363346051673,190.1978458628978,190.1978458628978
