Actual_NK,Predicted_NK,Residual,Absolute_Error
4199.11,4016.9871316420254,182.1228683579743,182.1228683579743
3949.381031542114,4009.7474633038046,-60.366431761690365,60.366431761690365
3821.4264732254046,3958.5161617216713,-137.08968849626672,137.08968849626672
2871.916801288194,3444.768930067948,-572.8521287797539,572.8521287797539
3475.03,3748.68578204417,-273.6557820441699,273.6557820441699
4149.831548872179,3882.3568329597056,267.4747159124736,267.4747159124736
4601.38,3970.707716692713,630.6722833072872,630.6722833072872
3858.140882597836,3979.672072492312,-121.53118989447603,121.53118989447603
4301.274364334122,4136.391100990671,164.8832633434513,164.8832633434513
4534.434258875534,4245.935133942568,288.49912493296597,288.49912493296597
3825.42,3709.9390571145063,115.48094288549373,115.48094288549373
3626.727060633611,3547.8140330478336,78.9130275857774,78.9130275857774
3943.346697751255,4033.7455001257963,-90.39880237454145,90.39880237454145
4115.2498275012795,4020.3665585452864,94.88326895599312,94.88326895599312
4238.512176541717,4080.6528568952576,157.85931964645943,157.85931964645943
3136.5721289425373,3991.188718687141,-854.6165897446035,854.6165897446035
3534.46,4001.274714455671,-466.81471445567104,466.81471445567104
3320.8,3826.279027134668,-505.47902713466783,505.47902713466783
3675.6455343422585,3854.8424420161077,-179.19690767384918,179.19690767384918
3751.503723790174,3856.1381004225414,-104.63437663236755,104.63437663236755
3817.223127092805,4099.183487424482,-281.9603603316773,281.9603603316773
3829.5764745812016,3820.436233086119,9.140241495082591,9.140241495082591
3485.6697641172273,3477.7806363031664,7.889127814060885,7.889127814060885
3862.490451770508,3966.5580413871057,-104.06758961659762,104.06758961659762
4155.469436253251,4032.9580881900597,122.51134806319124,122.51134806319124
4210.3850855949895,3915.3789090926934,295.00617650229606,295.00617650229606
3862.88688432474,3768.1016213490816,94.7852629756585,94.7852629756585
3699.47,3879.295575139995,-179.82557513999518,179.82557513999518
4074.9082528512495,3795.8389470366255,279.06930581462393,279.06930581462393
4000.7040670709957,3928.637782286306,72.06628478468974,72.06628478468974
4890.32,4379.408137319907,510.9118626800928,510.9118626800928
4218.613911775827,4003.2546404745076,215.35927130131904,215.35927130131904
3444.784180347756,3758.5732838681383,-313.78910352038247,313.78910352038247
4201.281072304575,3852.0568867425613,349.22418556201364,349.22418556201364
4266.895236213221,4001.345006732222,265.5502294809994,265.5502294809994
4421.9518560042825,4009.8214994689133,412.1303565353692,412.1303565353692
4303.016180382616,4131.866970292611,171.149210090005,171.149210090005
3974.5721677401752,4068.3438717382674,-93.77170399809211,93.77170399809211
4667.688550877191,4163.7256936916765,503.9628571855146,503.9628571855146
3802.6992440123827,3907.336635304849,-104.63739129246642,104.63739129246642
3754.2002914943346,3978.3058500136844,-224.10555851934987,224.10555851934987
3843.131548881778,4185.9706305348245,-342.8390816530464,342.8390816530464
4256.90301146062,4086.2250082522573,170.67800320836295,170.67800320836295
3410.8790453104125,3994.2357536244285,-583.356708314016,583.356708314016
4111.335921530637,4223.350210902496,-112.01428937185847,112.01428937185847
3982.784877633209,3956.8963767700225,25.888500863186437,25.888500863186437
3760.023852093183,3918.719210929365,-158.6953588361821,158.6953588361821
4184.745564600343,3841.86147894643,342.88408565391273,342.88408565391273
3717.25,3976.552691119332,-259.30269111933194,259.30269111933194
3561.4237169767976,3923.9551051420267,-362.53138816522915,362.53138816522915
3961.3685158965122,4023.9123146827274,-62.54379878621512,62.54379878621512
4023.4741746279974,3932.818574010792,90.65560061720544,90.65560061720544
4244.890402061856,4206.838581598939,38.05182046291702,38.05182046291702
3932.1432324385933,3989.8393186797766,-57.696086241183366,57.696086241183366
4225.07,3805.3150510346854,419.75494896531427,419.75494896531427
3818.89,3704.6979818964005,114.19201810359937,114.19201810359937
4013.013796996567,4032.9580881900597,-19.944291193492518,19.944291193492518
3931.9184861916137,3941.247439393939,-9.328953202325465,9.328953202325465
3559.07,3632.2995218630967,-73.22952186309658,73.22952186309658
3688.6417887338303,3884.1112466560535,-195.46945792222323,195.46945792222323
4181.878201034437,4109.923257834274,71.95494320016223,71.95494320016223
3817.9774559008547,4069.655234740471,-251.67777883961617,251.67777883961617
4309.914272326967,4049.0679689641383,260.8463033628286,260.8463033628286
3978.8159979688544,3980.750007144655,-1.9340091758003837,1.9340091758003837
3723.45,3888.47628113543,-165.02628113543005,165.02628113543005
3508.168987108655,3722.952628818268,-214.78364170961277,214.78364170961277
4099.676978822136,4038.5504373092963,61.12654151284005,61.12654151284005
4071.1326271413272,3925.0522173311847,146.08040981014256,146.08040981014256
3704.4950635362466,3819.1179330161713,-114.6228694799247,114.6228694799247
4127.848150947012,4193.976491581675,-66.12834063466289,66.12834063466289
4182.820540132026,3836.851147148235,345.9693929837904,345.9693929837904
3944.1865927779763,4265.944436523216,-321.75784374523937,321.75784374523937
3932.8230870381976,3963.7194627092717,-30.89637567107411,30.89637567107411
4291.10290388252,4259.957451045438,31.145452837082303,31.145452837082303
3829.292488270724,4051.2607074317366,-221.9682191610127,221.9682191610127
3945.953988877513,4009.3785420978284,-63.424553220315374,63.424553220315374
4034.599910226859,4280.0614911107705,-245.46158088391167,245.46158088391167
3860.950373749048,3881.0606349605087,-20.11026121146051,20.11026121146051
3609.464238197806,3860.957939415974,-251.4937012181681,251.4937012181681
4458.565357186027,3945.148870448018,513.4164867380086,513.4164867380086
4130.242849254554,3969.052461368507,161.19038788604712,161.19038788604712
4261.507232850006,3977.4061048940985,284.10112795590794,284.10112795590794
3859.2186298270694,4100.53222238979,-241.31359256272071,241.31359256272071
4101.185873958069,3897.4123342526404,203.7735397054289,203.7735397054289
3603.2803158554048,4034.048743051592,-430.7684271961871,430.7684271961871
4064.127519271702,4064.1299589512187,-0.0024396795165557705,0.0024396795165557705
4369.342660237563,3762.320637464899,607.0220227726641,607.0220227726641
3689.355255916657,3767.6987127315583,-78.3434568149014,78.3434568149014
3797.8368524793077,4159.057740656661,-361.2208881773531,361.2208881773531
4246.047550295946,4222.6411815379615,23.406368757984637,23.406368757984637
4060.487157926301,4011.5221218414154,48.96503608488547,48.96503608488547
4126.9032881504145,4040.5535433536043,86.34974479681023,86.34974479681023
3900.3856244144026,3858.3962428482323,41.98938156617032,41.98938156617032
4252.356347436958,4213.197983366768,39.158364070189236,39.158364070189236
4384.516404556016,4163.903701043573,220.61270351244275,220.61270351244275
4011.2899351145043,4235.704062118461,-224.4141270039563,224.4141270039563
3588.207381473377,3822.354661753074,-234.14728027969704,234.14728027969704
4422.878395056229,3957.5326819521656,465.34571310406363,465.34571310406363
3871.65,3700.3233060140487,171.32669398595135,171.32669398595135
4032.208423462988,4002.2539395033427,29.95448395964513,29.95448395964513
3596.529364327979,4016.9518132961343,-420.42244896815555,420.42244896815555
4090.7368580323796,4006.68569992198,84.05115811039968,84.05115811039968
3382.3366462480853,3841.6414074752993,-459.30476122721393,459.30476122721393
3623.617790207109,3937.6026099267956,-313.9848197196866,313.9848197196866
4195.683415474337,4171.583467319378,24.099948154959748,24.099948154959748
4197.825328987824,3812.365169513927,385.46015947389697,385.46015947389697
4027.17,3877.519190445133,149.650809554867,149.650809554867
3795.1519782179707,4245.811193760937,-450.65921554296665,450.65921554296665
3856.059870482495,4006.5174633989955,-150.4575929165003,150.4575929165003
3949.0701118998923,4063.085724982068,-114.0156130821756,114.0156130821756
4597.402951023686,4063.409709118908,533.9932419047782,533.9932419047782
4171.320123858376,4125.843891115067,45.47623274330908,45.47623274330908
4407.378160626182,4020.024126091895,387.3540345342867,387.3540345342867
3233.4009096619643,3849.1653814347915,-615.7644717728272,615.7644717728272
3523.2,3716.6938243308146,-193.49382433081473,193.49382433081473
4770.588079763664,3545.697677315151,1224.8904024485128,1224.8904024485128
3993.86638828238,4272.876789415365,-279.0104011329854,279.0104011329854
3747.557975525978,3853.083648339246,-105.5256728132681,105.5256728132681
3920.9668912905267,4021.0908399452314,-100.12394865470469,100.12394865470469
3742.8397119941674,4185.3511411246745,-442.51142913050717,442.51142913050717
3465.448871294654,3783.3443407874183,-317.8954694927643,317.8954694927643
4038.198113207548,4145.418528866774,-107.22041565922609,107.22041565922609
4169.043071823724,3785.2096045202275,383.8334673034965,383.8334673034965
3944.2382099290053,3805.1572843547806,139.0809255742247,139.0809255742247
3679.0365640233026,3838.179879850869,-159.1433158275663,159.1433158275663
4175.777881957563,3899.538310326619,276.2395716309443,276.2395716309443
4084.656559476768,4189.210011531201,-104.55345205443336,104.55345205443336
4181.11,4185.59710304674,-4.487103046740231,4.487103046740231
3730.69,3712.509229767646,18.180770232354007,18.180770232354007
3795.51,4209.597894556228,-414.0878945562281,414.0878945562281
3115.758054281912,3882.8501816005023,-767.0921273185904,767.0921273185904
3796.0116808824114,3834.3095088213995,-38.29782793898812,38.29782793898812
4317.039594643504,3921.3135287545933,395.7260658889104,395.7260658889104
4528.333474379574,3884.5486756516852,643.7847987278888,643.7847987278888
4258.9684907709,4175.553264401692,83.41522636920763,83.41522636920763
3805.143729631865,3891.3837146506685,-86.23998501880351,86.23998501880351
4082.599897417758,4110.509794427317,-27.90989700955879,27.90989700955879
3640.76,3589.238590247371,51.5214097526291,51.5214097526291
3715.2316741884497,3648.446004814139,66.7856693743106,66.7856693743106
3995.532456085335,3972.9176653369814,22.6147907483537,22.6147907483537
3517.83,3890.5463810768,-372.7163810768002,372.7163810768002
4183.762511307963,3987.9137918496685,195.84871945829445,195.84871945829445
3645.407027930294,3897.3935048297217,-251.98647689942754,251.98647689942754
4105.705000602481,4243.580507923872,-137.87550732139061,137.87550732139061
3535.1263781075772,3946.177838653852,-411.05146054627494,411.05146054627494
3949.345615257657,4065.5564774281547,-116.21086217049788,116.21086217049788
4408.720241272162,4071.8123889854114,336.9078522867503,336.9078522867503
3889.1561109397176,4012.436796672425,-123.2806857327073,123.2806857327073
4344.974972921406,4046.832373282833,298.1425996385733,298.1425996385733
3993.57227718524,4136.393816953616,-142.82153976837571,142.82153976837571
3635.230616089613,3881.4448296244714,-246.21421353485857,246.21421353485857
4179.718681026258,4207.572615238117,-27.85393421185836,27.85393421185836
4307.2095501490385,4207.656637875222,99.55291227381622,99.55291227381622
4177.459832046094,4185.6385039811,-8.178671935006605,8.178671935006605
4375.642842241738,4181.316313701968,194.32652853977015,194.32652853977015
3970.8368569636464,3882.1766984582814,88.66015850536496,88.66015850536496
4220.986935001296,4139.706859036909,81.28007596438692,81.28007596438692
3825.62,3811.0534580775875,14.566541922412398,14.566541922412398
3909.84,3506.030252310732,403.8097476892681,403.8097476892681
4119.382398361076,3808.54154378386,310.8408545772163,310.8408545772163
4297.994508966808,4197.416709823761,100.57779914304683,100.57779914304683
4156.492722796651,4143.245610954079,13.24711184257194,13.24711184257194
4440.832164789834,4258.578478919321,182.25368587051253,182.25368587051253
3583.05,3831.3066664447474,-248.25666644474722,248.25666644474722
3715.8274310214074,3863.7878657720958,-147.96043475068836,147.96043475068836
4214.78336950624,4402.030244206524,-187.24687470028402,187.24687470028402
3997.3211497495145,4308.637895224888,-311.3167454753734,311.3167454753734
3892.1154055792913,3914.0863550181816,-21.97094943889033,21.97094943889033
4555.917769102502,4124.0195915207505,431.89817758175104,431.89817758175104
4255.693990158496,4144.119230433818,111.57475972467728,111.57475972467728
3910.290503319944,3856.1031394272077,54.18736389273636,54.18736389273636
3711.2332448224856,3742.745124809676,-31.51187998719024,31.51187998719024
4556.4855795383655,4036.7898386548177,519.6957408835478,519.6957408835478
3354.2422880327777,3756.222503534496,-401.98021550171825,401.98021550171825
3759.9434987680397,3953.5134521633386,-193.56995339529885,193.56995339529885
4335.016082723906,4162.041377411088,172.9747053128176,172.9747053128176
4210.456615809777,4100.097228566441,110.35938724333573,110.35938724333573
3845.56142394822,4056.2326113783665,-210.67118743014635,210.67118743014635
4132.92,4084.131267550244,48.788732449756026,48.788732449756026
4325.415518047867,4055.92618910916,269.48932893870733,269.48932893870733
4285.09365966825,4112.137269636827,172.95639003142333,172.95639003142333
4712.932165197216,3899.42283569852,813.5093294986959,813.5093294986959
4088.621246504304,4052.6522882401846,35.968958264119465,35.968958264119465
4296.145420475167,4202.477062330505,93.6683581446623,93.6683581446623
3691.7057302023836,4141.566076827789,-449.8603466254058,449.8603466254058
3994.735787978744,3893.404278473717,101.33150950502704,101.33150950502704
3164.3798833056217,3807.3100111436042,-642.9301278379826,642.9301278379826
3922.0475193813977,3503.4176522099565,418.6298671714412,418.6298671714412
3962.442216989291,4039.125826801985,-76.68360981269416,76.68360981269416
4368.485534230428,4179.149344305782,189.33618992464653,189.33618992464653
4346.734762892709,3800.915753102093,545.8190097906163,545.8190097906163
3716.9522746513953,4183.935113196005,-466.9828385446094,466.9828385446094
3728.2030923983534,3708.6983599725504,19.504732425803013,19.504732425803013
3974.76039748954,4125.246202887573,-150.48580539803334,150.48580539803334
4430.88,4146.46553375229,284.41446624771015,284.41446624771015
4024.49201891892,3952.062594099027,72.42942481989303,72.42942481989303
4190.205140496902,3972.270589567995,217.93455092890645,217.93455092890645
4218.464747584781,3968.255467644992,250.2092799397892,250.2092799397892
4285.130229776888,4363.898876208372,-78.76864643148383,78.76864643148383
3845.8036137018335,4093.8651554214753,-248.0615417196418,248.0615417196418
3931.068174908562,3779.8543745405354,151.21380036802657,151.21380036802657
4081.7941915955266,4069.3776562740204,12.416535321506217,12.416535321506217
4034.530444834123,3707.1778707131753,327.3525741209478,327.3525741209478
3819.041392542572,4125.97897671478,-306.9375841722085,306.9375841722085
3594.291026019561,4153.5487336155875,-559.2577075960266,559.2577075960266
3902.58,4046.8217651999694,-144.24176519996945,144.24176519996945
4453.793022984482,4254.107347502771,199.68567548171177,199.68567548171177
3558.6700013645536,3934.5049486180765,-375.83494725352284,375.83494725352284
4016.7925527707166,3787.915012639169,228.87754013154745,228.87754013154745
3732.923550898696,3647.0621817615024,85.86136913719338,85.86136913719338
4352.458281874446,4195.56880502249,156.8894768519558,156.8894768519558
4344.741437734479,4371.889073346202,-27.147635611722762,27.147635611722762
3715.8706252245006,3949.614683285484,-233.7440580609832,233.7440580609832
3854.0474904145194,3821.714562172397,32.33292824212231,32.33292824212231
4457.7054438608,4199.641589095148,258.06385476565174,258.06385476565174
4509.838545284162,4230.130600985665,279.70794429849684,279.70794429849684
4034.1701040295525,4104.844321418327,-70.67421738877465,70.67421738877465
4276.1123896787785,4017.1318551844397,258.9805344943388,258.9805344943388
4268.40436689332,3836.6976246159493,431.7067422773707,431.7067422773707
2946.02,3647.6706587529225,-701.6506587529225,701.6506587529225
3961.396834785809,4056.486904806918,-95.09007002110911,95.09007002110911
4098.320049428483,3685.788644510262,412.5314049182207,412.5314049182207
4360.925853825771,4077.916239572858,283.0096142529128,283.0096142529128
3940.6380054692736,3917.1126829674217,23.52532250185186,23.52532250185186
4151.337952860623,4005.463408433636,145.8745444269871,145.8745444269871
4078.772144099989,4111.691667825532,-32.91952372554306,32.91952372554306
3507.536358032457,3606.527252880215,-98.99089484775823,98.99089484775823
4144.904999382589,4203.889232843459,-58.98423346086929,58.98423346086929
3710.0750824329866,4043.3060432641837,-333.2309608311971,333.2309608311971
3118.61,3641.7205545656366,-523.1105545656364,523.1105545656364
3580.37,3717.9282490087335,-137.55824900873358,137.55824900873358
3864.647532653351,3792.000622792855,72.64690986049573,72.64690986049573
4079.827271331563,3704.980243917843,374.8470274137203,374.8470274137203
3848.66,4045.407761347038,-196.74776134703825,196.74776134703825
4055.631327889739,3971.7073821527283,83.92394573701085,83.92394573701085
4081.654980363342,4243.599122040253,-161.94414167691093,161.94414167691093
4854.89,4559.565651694145,295.324348305855,295.324348305855
4032.3579149191137,4073.0754053531714,-40.71749043405771,40.71749043405771
4083.0953581645485,3927.2512866549696,155.84407150957895,155.84407150957895
3717.5188594646806,3804.4063231685786,-86.88746370389799,86.88746370389799
3932.576457292708,4125.7009802447365,-193.12452295202866,193.12452295202866
4248.125086097525,4086.406076154754,161.7190099427712,161.7190099427712
3772.3463578329597,4023.9116275023343,-251.56526966937463,251.56526966937463
4237.134180468065,3992.49594453131,244.63823593675488,244.63823593675488
