Model,Train_MAE,Test_MAE,Train_RMSE,Test_RMSE,Train_R2,Test_R2,CV_MAE,CV_Std,Overfitting
Gradient Boosting,143.98581267840638,219.70270788939547,184.98135601456244,285.7687664000013,0.6585080998136513,0.25243923830009607,204.38695286627677,12.928598608177005,-75.7168952109891
Random Forest,75.80166728712967,219.87691055994642,99.30390038000661,285.48151321610345,0.9015859503315162,0.2539413708412166,202.316528379062,11.046053865085728,-144.07524327281675
LightGBM,64.92478020186066,223.33310742983156,87.11239779605046,287.14138488904536,0.9242671281951922,0.24524055048884663,211.98170330801076,11.92089804079403,-158.40832722797091
Linear Regression,207.51273248363538,225.01951717524267,268.776395858564,300.2163805429187,0.27904735139137293,0.17493959207206944,211.84061483802552,7.65019006325423,-17.506784691607294
Ridge Regression,207.50298412587992,225.03888413570112,268.7808191087474,300.14358574314025,0.2790236217765364,0.17533965568999166,211.68734554367492,7.636001578897798,-17.535900009821205
Lasso Regression,207.73736884765088,225.69136901909224,269.17718162303737,300.0643025258874,0.2768956520988153,0.1757752677971306,211.3521539347418,7.723662624820375,-17.95400017144135
KNN,173.93038679553888,227.1748024168615,228.07204803220299,299.69125915633435,0.48087897991210937,0.17782336510625985,216.23326490110648,9.08829121419764,-53.24441562132262
XGBoost,8.380210088655549,236.284750915459,11.750069293899246,305.3605500773959,0.9986221391981873,0.14642274063096183,210.26088380669435,10.721294160698777,-227.90454082680344
Neural Network,224.4987127011925,248.51275279307472,291.53709778143747,322.9731706934046,0.15177290333810023,0.04511763688802595,295.69952094745724,25.908668244071443,-24.014040091882237
SVR,234.1907398172106,249.1636103676951,302.3573418562379,319.6843552756513,0.08764149071447525,0.06446563673341377,236.7530866548488,11.101113261614529,-14.972870550484487
Decision Tree,0.0,294.0129119938963,0.0,393.6850449165905,1.0,-0.4187791986705567,278.14005583187037,17.402783040616033,-294.0129119938963
